date,hour_beginning,contract_value,label
2021-11-01,0,17.322175,forecast
2021-11-01,1,18.149799999999995,forecast
2021-11-01,2,24.572450000000007,forecast
2021-11-01,3,33.63032500000001,forecast
2021-11-01,4,30.941275000000005,forecast
2021-11-01,5,22.728949999999994,forecast
2021-11-01,6,22.05895,forecast
2021-11-01,7,21.886774999999997,forecast
2021-11-01,8,22.090725000000003,forecast
2021-11-01,9,24.599875000000008,forecast
2021-11-01,10,24.372049999999994,forecast
2021-11-01,11,24.03952499999999,forecast
2021-11-01,12,33.56545,forecast
2021-11-01,13,24.348274999999997,forecast
2021-11-01,14,24.950574999999994,forecast
2021-11-01,15,69.14219999999999,forecast
2021-11-01,16,65.34877499999999,forecast
2021-11-01,17,66.736825,forecast
2021-11-01,18,35.961774999999996,forecast
2021-11-01,19,35.70262499999998,forecast
2021-11-01,20,71.11645,forecast
2021-11-01,21,77.87177499999999,forecast
2021-11-01,22,39.26092499999999,forecast
2021-11-01,23,35.9669,forecast
2021-11-02,0,35.16215000000001,forecast
2021-11-02,1,24.398899999999998,forecast
2021-11-02,2,10.776500000000004,forecast
2021-11-02,3,7.0286,forecast
2021-11-02,4,1.9337499999999992,forecast
2021-11-02,5,0.11082499999999981,forecast
2021-11-02,6,1.320125,forecast
2021-11-02,7,1.742,forecast
2021-11-02,8,1.8367000000000004,forecast
2021-11-02,9,1.2479999999999993,forecast
2021-11-02,10,1.4596499999999994,forecast
2021-11-02,11,2.181925,forecast
2021-11-02,12,8.146499999999998,forecast
2021-11-02,13,2.1048999999999993,forecast
2021-11-02,14,4.806075,forecast
2021-11-02,15,4.87195,forecast
2021-11-02,16,7.6922749999999995,forecast
2021-11-02,17,38.77284999999999,forecast
2021-11-02,18,51.87664999999999,forecast
2021-11-02,19,24.562975,forecast
2021-11-02,20,29.249975,forecast
2021-11-02,21,28.29465000000001,forecast
2021-11-02,22,24.50657500000001,forecast
2021-11-02,23,21.652874999999995,forecast
2021-11-03,0,27.557575,forecast
2021-11-03,1,4.054949999999999,forecast
2021-11-03,2,5.110575,forecast
2021-11-03,3,9.842775000000003,forecast
2021-11-03,4,4.844924999999999,forecast
2021-11-03,5,21.221425000000004,forecast
2021-11-03,6,18.065475000000006,forecast
2021-11-03,7,17.502675,forecast
2021-11-03,8,17.763649999999995,forecast
2021-11-03,9,20.953075000000002,forecast
2021-11-03,10,22.326425000000004,forecast
2021-11-03,11,33.2621,forecast
2021-11-03,12,37.91209999999998,forecast
2021-11-03,13,11.741524999999998,forecast
2021-11-03,14,26.82784999999999,forecast
2021-11-03,15,39.20382499999998,forecast
2021-11-03,16,32.53397499999999,forecast
2021-11-03,17,23.759575000000005,forecast
2021-11-03,18,36.26067500000001,forecast
2021-11-03,19,51.722625,forecast
2021-11-03,20,35.10600000000001,forecast
2021-11-03,21,33.69545000000001,forecast
2021-11-03,22,20.48452500000001,forecast
2021-11-03,23,20.191975000000003,forecast
2021-11-04,0,17.958675000000007,forecast
2021-11-04,1,22.02307500000001,forecast
2021-11-04,2,0.5672749999999999,forecast
2021-11-04,3,0.58925,forecast
2021-11-04,4,0.727175,forecast
2021-11-04,5,1.428725000000002,forecast
2021-11-04,6,27.736649999999987,forecast
2021-11-04,7,19.66175,forecast
2021-11-04,8,19.769000000000005,forecast
2021-11-04,9,22.910175000000002,forecast
2021-11-04,10,24.020874999999997,forecast
2021-11-04,11,17.007474999999996,forecast
2021-11-04,12,0.8266749999999999,forecast
2021-11-04,13,0.7651749999999998,forecast
2021-11-04,14,0.4986,forecast
2021-11-04,15,0.21815,forecast
2021-11-04,16,0.41427499999999995,forecast
2021-11-04,17,0.296175,forecast
2021-11-04,18,1.56405,forecast
2021-11-04,19,34.63035,forecast
2021-11-04,20,35.536025,forecast
2021-11-04,21,37.4054,forecast
2021-11-04,22,39.05799999999999,forecast
2021-11-04,23,59.731475,forecast
2021-11-05,0,50.40977500000001,forecast
2021-11-05,1,50.4996,forecast
2021-11-05,2,43.676149999999986,forecast
2021-11-05,3,30.07457500000001,forecast
2021-11-05,4,30.565200000000015,forecast
2021-11-05,5,21.370349999999995,forecast
2021-11-05,6,77.522975,forecast
2021-11-05,7,73.36467499999999,forecast
2021-11-05,8,66.43842500000001,forecast
2021-11-05,9,41.893975,forecast
2021-11-05,10,31.380100000000017,forecast
2021-11-05,11,25.180299999999992,forecast
2021-11-05,12,26.871525000000002,forecast
2021-11-05,13,24.728300000000004,forecast
2021-11-05,14,24.651775,forecast
2021-11-05,15,25.15360000000001,forecast
2021-11-05,16,25.178725000000007,forecast
2021-11-05,17,24.644725000000008,forecast
2021-11-05,18,19.82585,forecast
2021-11-05,19,13.656424999999988,forecast
2021-11-05,20,17.754449999999988,forecast
2021-11-05,21,9.249800000000002,forecast
2021-11-05,22,9.259975000000004,forecast
2021-11-05,23,9.553575000000002,forecast
2021-11-06,0,10.719175000000002,forecast
2021-11-06,1,8.824425000000002,forecast
2021-11-06,2,12.323074999999996,forecast
2021-11-06,3,13.397124999999996,forecast
2021-11-06,4,12.233525000000002,forecast
2021-11-06,5,8.9192,forecast
2021-11-06,6,8.745874999999998,forecast
2021-11-06,7,19.615199999999998,forecast
2021-11-06,8,19.60145,forecast
2021-11-06,9,33.390274999999995,forecast
2021-11-06,10,40.372724999999996,forecast
2021-11-06,11,24.91590000000001,forecast
2021-11-06,12,24.706225000000003,forecast
2021-11-06,13,25.28982500000001,forecast
2021-11-06,14,30.225700000000025,forecast
2021-11-06,15,39.84502500000001,forecast
2021-11-06,16,50.334624999999996,forecast
2021-11-06,17,50.736225000000005,forecast
2021-11-06,18,37.53152500000001,forecast
2021-11-06,19,11.020600000000002,forecast
2021-11-06,20,20.572349999999982,forecast
2021-11-06,21,18.494825000000002,forecast
2021-11-06,22,16.40909999999999,forecast
2021-11-06,23,16.23559999999999,forecast
2021-11-07,0,32.8515,forecast
2021-11-07,1,21.393399999999996,forecast
2021-11-07,2,22.32975,forecast
2021-11-07,3,22.917874999999995,forecast
2021-11-07,4,20.152599999999993,forecast
2021-11-07,5,18.44042499999999,forecast
2021-11-07,6,17.34662499999999,forecast
2021-11-07,7,17.934424999999987,forecast
2021-11-07,8,10.580475000000002,forecast
2021-11-07,9,10.837550000000004,forecast
2021-11-07,10,6.076075,forecast
2021-11-07,11,17.455924999999997,forecast
2021-11-07,12,34.01940000000001,forecast
2021-11-07,13,15.80664999999999,forecast
2021-11-07,14,15.819124999999993,forecast
2021-11-07,15,11.310649999999988,forecast
2021-11-07,16,8.826674999999996,forecast
2021-11-07,17,5.498224999999998,forecast
2021-11-07,18,22.325474999999997,forecast
2021-11-07,19,23.383374999999987,forecast
2021-11-07,20,23.939224999999983,forecast
2021-11-07,21,29.48699999999998,forecast
2021-11-07,22,14.533074999999998,forecast
2021-11-07,23,18.123924999999996,forecast
2021-11-08,0,19.250149999999984,forecast
2021-11-08,1,20.301274999999986,forecast
2021-11-08,2,19.01229999999999,forecast
2021-11-08,3,18.950849999999992,forecast
2021-11-08,4,17.22259999999999,forecast
2021-11-08,5,13.780925,forecast
2021-11-08,6,26.066275,forecast
2021-11-08,7,22.21749999999999,forecast
2021-11-08,8,29.13372500000001,forecast
2021-11-08,9,0.7365499999999993,forecast
2021-11-08,10,0.9007499999999993,forecast
2021-11-08,11,3.969300000000002,forecast
2021-11-08,12,16.39375,forecast
2021-11-08,13,14.127499999999998,forecast
2021-11-08,14,14.374075,forecast
2021-11-08,15,14.540550000000001,forecast
2021-11-08,16,5.3142749999999985,forecast
2021-11-08,17,2.006799999999998,forecast
2021-11-08,18,8.256825,forecast
2021-11-08,19,20.820399999999992,forecast
2021-11-08,20,27.227424999999993,forecast
2021-11-08,21,27.236825000000003,forecast
2021-11-08,22,27.325474999999987,forecast
2021-11-08,23,23.428249999999995,forecast
2021-11-09,0,17.169774999999994,forecast
2021-11-09,1,8.113250000000006,forecast
2021-11-09,2,16.415849999999992,forecast
2021-11-09,3,5.639050000000003,forecast
2021-11-09,4,10.482249999999997,forecast
2021-11-09,5,10.429950000000002,forecast
2021-11-09,6,13.131375,forecast
2021-11-09,7,17.419900000000005,forecast
2021-11-09,8,3.9640499999999985,forecast
2021-11-09,9,0.665475,forecast
2021-11-09,10,0.7852,forecast
2021-11-09,11,35.98099999999999,forecast
2021-11-09,12,34.976099999999995,forecast
2021-11-09,13,35.12302499999999,forecast
2021-11-09,14,34.88412499999998,forecast
2021-11-09,15,34.91109999999998,forecast
2021-11-09,16,35.03202499999999,forecast
2021-11-09,17,36.48197499999998,forecast
2021-11-09,18,32.1737,forecast
2021-11-09,19,25.49902500000001,forecast
2021-11-09,20,13.699975000000006,forecast
2021-11-09,21,13.600699999999996,forecast
2021-11-09,22,27.928099999999993,forecast
2021-11-09,23,14.681524999999995,forecast
2021-11-10,0,17.291999999999987,forecast
2021-11-10,1,14.068974999999996,forecast
2021-11-10,2,15.032549999999992,forecast
2021-11-10,3,12.881749999999993,forecast
2021-11-10,4,14.035024999999996,forecast
2021-11-10,5,16.222749999999998,forecast
2021-11-10,6,16.908299999999993,forecast
2021-11-10,7,17.320699999999995,forecast
2021-11-10,8,7.2642000000000015,forecast
2021-11-10,9,3.684524999999998,forecast
2021-11-10,10,8.401550000000004,forecast
2021-11-10,11,11.954274999999997,forecast
2021-11-10,12,9.777500000000002,forecast
2021-11-10,13,7.620150000000002,forecast
2021-11-10,14,7.783475000000001,forecast
2021-11-10,15,5.817199999999999,forecast
2021-11-10,16,4.6577,forecast
2021-11-10,17,3.530774999999998,forecast
2021-11-10,18,8.296575,forecast
2021-11-10,19,4.281374999999998,forecast
2021-11-10,20,9.008850000000004,forecast
2021-11-10,21,6.1331999999999995,forecast
2021-11-10,22,13.63384999999999,forecast
2021-11-10,23,29.026775000000008,forecast
2021-11-11,0,5.624099999999998,forecast
2021-11-11,1,5.4990999999999985,forecast
2021-11-11,2,6.742125000000001,forecast
2021-11-11,3,7.271374999999999,forecast
2021-11-11,4,1.8600500000000009,forecast
2021-11-11,5,1.8439500000000006,forecast
2021-11-11,6,34.96442499999999,forecast
2021-11-11,7,31.71054999999999,forecast
2021-11-11,8,0.35710000000000003,forecast
2021-11-11,9,0.59555,forecast
2021-11-11,10,0.724675,forecast
2021-11-11,11,0.689875,forecast
2021-11-11,12,0.515025,forecast
2021-11-11,13,0.535725,forecast
2021-11-11,14,0.45012500000000005,forecast
2021-11-11,15,0.4423,forecast
2021-11-11,16,0.4875749999999999,forecast
2021-11-11,17,32.68987499999999,forecast
2021-11-11,18,34.44384999999998,forecast
2021-11-11,19,37.33489999999999,forecast
2021-11-11,20,33.329024999999994,forecast
2021-11-11,21,12.090649999999993,forecast
2021-11-11,22,19.454575,forecast
2021-11-11,23,14.533224999999998,forecast
2021-11-12,0,23.712725,forecast
2021-11-12,1,26.268974999999998,forecast
2021-11-12,2,25.06224999999999,forecast
2021-11-12,3,24.631149999999987,forecast
2021-11-12,4,24.077599999999983,forecast
2021-11-12,5,29.439649999999997,forecast
2021-11-12,6,23.96315000000001,forecast
2021-11-12,7,7.956750000000002,forecast
2021-11-12,8,5.910725000000002,forecast
2021-11-12,9,19.44632499999999,forecast
2021-11-12,10,4.270025,forecast
2021-11-12,11,3.409624999999999,forecast
2021-11-12,12,10.582575000000002,forecast
2021-11-12,13,3.452150000000001,forecast
2021-11-12,14,5.098349999999998,forecast
2021-11-12,15,19.540200000000002,forecast
2021-11-12,16,22.923425000000005,forecast
2021-11-12,17,30.308325000000004,forecast
2021-11-12,18,30.13585,forecast
2021-11-12,19,31.702375000000004,forecast
2021-11-12,20,34.72397499999999,forecast
2021-11-12,21,34.647974999999995,forecast
2021-11-12,22,34.35039999999999,forecast
2021-11-12,23,34.39037499999999,forecast
2021-11-13,0,32.213325,forecast
2021-11-13,1,30.531999999999993,forecast
2021-11-13,2,0.35932499999999984,forecast
2021-11-13,3,1.7572000000000012,forecast
2021-11-13,4,1.828875000000001,forecast
2021-11-13,5,2.2606250000000006,forecast
2021-11-13,6,2.8323750000000003,forecast
2021-11-13,7,22.96457499999999,forecast
2021-11-13,8,30.1941,forecast
2021-11-13,9,9.844600000000003,forecast
2021-11-13,10,13.787174999999996,forecast
2021-11-13,11,12.2536,forecast
2021-11-13,12,10.294925000000001,forecast
2021-11-13,13,12.035224999999999,forecast
2021-11-13,14,13.303024999999998,forecast
2021-11-13,15,13.99915,forecast
2021-11-13,16,0.7760249999999993,forecast
2021-11-13,17,8.733875000000001,forecast
2021-11-13,18,7.246525000000002,forecast
2021-11-13,19,19.161674999999992,forecast
2021-11-13,20,28.66307499999999,forecast
2021-11-13,21,28.678724999999996,forecast
2021-11-13,22,28.877824999999998,forecast
2021-11-13,23,22.975825000000004,forecast
2021-11-14,0,18.415124999999993,forecast
2021-11-14,1,18.494099999999992,forecast
2021-11-14,2,9.318150000000005,forecast
2021-11-14,3,9.158725000000004,forecast
2021-11-14,4,20.433124999999997,forecast
2021-11-14,5,19.639999999999997,forecast
2021-11-14,6,2.1836250000000006,forecast
2021-11-14,7,1.4097249999999995,forecast
2021-11-14,8,1.8299749999999992,forecast
2021-11-14,9,2.275524999999999,forecast
2021-11-14,10,7.760475000000002,forecast
2021-11-14,11,1.0201999999999996,forecast
2021-11-14,12,33.368174999999994,forecast
2021-11-14,13,30.470049999999997,forecast
2021-11-14,14,30.478374999999986,forecast
2021-11-14,15,30.58124999999999,forecast
2021-11-14,16,31.83524999999999,forecast
2021-11-14,17,32.687599999999996,forecast
2021-11-14,18,45.827275,forecast
2021-11-14,19,52.59467499999999,forecast
2021-11-14,20,35.31437500000001,forecast
2021-11-14,21,33.940125000000016,forecast
2021-11-14,22,25.14017500000001,forecast
2021-11-14,23,24.988075000000013,forecast
2021-11-15,0,25.424225000000014,forecast
2021-11-15,1,25.513675000000017,forecast
2021-11-15,2,32.25295000000001,forecast
2021-11-15,3,28.796725000000006,forecast
2021-11-15,4,22.237374999999997,forecast
2021-11-15,5,30.822675000000007,forecast
2021-11-15,6,36.198600000000006,forecast
2021-11-15,7,14.808025000000002,forecast
2021-11-15,8,16.397000000000002,forecast
2021-11-15,9,34.512824999999985,forecast
2021-11-15,10,34.21367499999999,forecast
2021-11-15,11,34.60219999999998,forecast
2021-11-15,12,35.25667499999999,forecast
2021-11-15,13,35.35644999999999,forecast
2021-11-15,14,34.12709999999999,forecast
2021-11-15,15,37.04387499999998,forecast
2021-11-15,16,33.28669999999999,forecast
2021-11-15,17,36.8877,forecast
2021-11-15,18,27.46247500000001,forecast
2021-11-15,19,14.705900000000003,forecast
2021-11-15,20,14.631699999999997,forecast
2021-11-15,21,19.710124999999998,forecast
2021-11-15,22,25.070925000000006,forecast
2021-11-15,23,24.944899999999997,forecast
2021-11-16,0,7.7204250000000005,forecast
2021-11-16,1,8.210025,forecast
2021-11-16,2,5.224100000000002,forecast
2021-11-16,3,7.044999999999999,forecast
2021-11-16,4,14.803024999999996,forecast
2021-11-16,5,13.151350000000006,forecast
2021-11-16,6,12.174325000000003,forecast
2021-11-16,7,25.39044999999999,forecast
2021-11-16,8,16.001649999999998,forecast
2021-11-16,9,9.740625000000001,forecast
2021-11-16,10,10.461175,forecast
2021-11-16,11,11.53765,forecast
2021-11-16,12,15.077124999999999,forecast
2021-11-16,13,16.124025,forecast
2021-11-16,14,15.445074999999996,forecast
2021-11-16,15,19.23345,forecast
2021-11-16,16,22.50052500000001,forecast
2021-11-16,17,20.777125000000005,forecast
2021-11-16,18,18.931174999999996,forecast
2021-11-16,19,15.578925,forecast
2021-11-16,20,11.0747,forecast
2021-11-16,21,14.000500000000006,forecast
2021-11-16,22,14.47005,forecast
2021-11-16,23,17.676150000000003,forecast
2021-11-17,0,19.02310000000001,forecast
2021-11-17,1,14.400975000000008,forecast
2021-11-17,2,14.298175000000004,forecast
2021-11-17,3,15.568975000000002,forecast
2021-11-17,4,16.368550000000006,forecast
2021-11-17,5,23.776074999999988,forecast
2021-11-17,6,22.221124999999994,forecast
2021-11-17,7,19.678049999999992,forecast
2021-11-17,8,16.297274999999996,forecast
2021-11-17,9,18.083149999999993,forecast
2021-11-17,10,20.091950000000004,forecast
2021-11-17,11,17.932650000000002,forecast
2021-11-17,12,23.515150000000002,forecast
2021-11-17,13,23.518700000000003,forecast
2021-11-17,14,23.90959999999999,forecast
2021-11-17,15,20.892125,forecast
2021-11-17,16,16.273275,forecast
2021-11-17,17,11.762199999999996,forecast
2021-11-17,18,12.966775000000005,forecast
2021-11-17,19,19.3154,forecast
2021-11-17,20,16.993450000000013,forecast
2021-11-17,21,18.876900000000017,forecast
2021-11-17,22,11.3829,forecast
2021-11-17,23,12.280875000000004,forecast
2021-11-18,0,10.763600000000002,forecast
2021-11-18,1,10.249925000000001,forecast
2021-11-18,2,13.657199999999987,forecast
2021-11-18,3,8.400074999999998,forecast
2021-11-18,4,8.659475000000004,forecast
2021-11-18,5,11.594774999999997,forecast
2021-11-18,6,13.426199999999996,forecast
2021-11-18,7,7.358500000000001,forecast
2021-11-18,8,0.8151499999999997,forecast
2021-11-18,9,0.8763249999999999,forecast
2021-11-18,10,0.5705250000000002,forecast
2021-11-18,11,0.023549999999999995,forecast
2021-11-18,12,-0.584,forecast
2021-11-18,13,-0.9198749999999998,forecast
2021-11-18,14,-0.31140000000000007,forecast
2021-11-18,15,-0.5853750000000002,forecast
2021-11-18,16,-0.4658499999999997,forecast
2021-11-18,17,-0.20259999999999997,forecast
2021-11-18,18,0.8674499999999996,forecast
2021-11-18,19,0.9367499999999996,forecast
2021-11-18,20,1.7719,forecast
2021-11-18,21,2.8141750000000014,forecast
2021-11-18,22,4.858225,forecast
2021-11-18,23,6.238599999999998,forecast
2021-11-19,0,13.064250000000001,forecast
2021-11-19,1,11.857849999999996,forecast
2021-11-19,2,13.019625000000001,forecast
2021-11-19,3,14.447325000000001,forecast
2021-11-19,4,15.730124999999994,forecast
2021-11-19,5,17.05289999999999,forecast
2021-11-19,6,15.492224999999996,forecast
2021-11-19,7,15.564499999999999,forecast
2021-11-19,8,16.804524999999998,forecast
2021-11-19,9,16.932125,forecast
2021-11-19,10,16.971124999999997,forecast
2021-11-19,11,21.399724999999993,forecast
2021-11-19,12,20.151849999999992,forecast
2021-11-19,13,21.878874999999997,forecast
2021-11-19,14,22.151825,forecast
2021-11-19,15,23.861775,forecast
2021-11-19,16,15.014150000000003,forecast
2021-11-19,17,15.101825000000002,forecast
2021-11-19,18,24.54174999999999,forecast
2021-11-19,19,15.912925000000007,forecast
2021-11-19,20,15.595850000000006,forecast
2021-11-19,21,12.358425,forecast
2021-11-19,22,11.745499999999998,forecast
2021-11-19,23,12.353175,forecast
2021-11-20,0,11.657025,forecast
2021-11-20,1,11.31595,forecast
2021-11-20,2,12.158800000000001,forecast
2021-11-20,3,11.6615,forecast
2021-11-20,4,10.5974,forecast
2021-11-20,5,11.078600000000002,forecast
2021-11-20,6,12.194000000000003,forecast
2021-11-20,7,11.801175000000006,forecast
2021-11-20,8,11.093950000000005,forecast
2021-11-20,9,10.110175,forecast
2021-11-20,10,7.8023250000000015,forecast
2021-11-20,11,0.8317499999999995,forecast
2021-11-20,12,0.340875,forecast
2021-11-20,13,1.3842500000000002,forecast
2021-11-20,14,2.4404999999999997,forecast
2021-11-20,15,3.3116499999999998,forecast
2021-11-20,16,3.1506249999999993,forecast
2021-11-20,17,1.85515,forecast
2021-11-20,18,14.564824999999999,forecast
2021-11-20,19,18.975899999999992,forecast
2021-11-20,20,15.708949999999998,forecast
2021-11-20,21,15.598675000000004,forecast
2021-11-20,22,15.759299999999998,forecast
2021-11-20,23,16.979699999999998,forecast
2021-11-21,0,10.627775000000003,forecast
2021-11-21,1,11.0738,forecast
2021-11-21,2,12.866650000000003,forecast
2021-11-21,3,13.158475000000001,forecast
2021-11-21,4,16.033949999999997,forecast
2021-11-21,5,18.131950000000003,forecast
2021-11-21,6,18.0372,forecast
2021-11-21,7,20.977099999999993,forecast
2021-11-21,8,19.48974999999999,forecast
2021-11-21,9,19.907324999999997,forecast
2021-11-21,10,11.166525,forecast
2021-11-21,11,10.797174999999998,forecast
2021-11-21,12,7.271499999999998,forecast
2021-11-21,13,9.193100000000001,forecast
2021-11-21,14,9.939524999999996,forecast
2021-11-21,15,8.797149999999998,forecast
2021-11-21,16,6.878875000000001,forecast
2021-11-21,17,1.0276000000000003,forecast
2021-11-21,18,1.284225,forecast
2021-11-21,19,-0.29897500000000005,forecast
2021-11-21,20,-0.19380000000000003,forecast
2021-11-21,21,-0.4484250000000001,forecast
2021-11-21,22,-1.0519749999999997,forecast
2021-11-21,23,-1.1402499999999995,forecast
2021-11-22,0,-1.2061749999999996,forecast
2021-11-22,1,-1.5177499999999988,forecast
2021-11-22,2,-1.6972499999999988,forecast
2021-11-22,3,-0.9683750000000001,forecast
2021-11-22,4,-0.4157249999999999,forecast
2021-11-22,5,0.9903499999999998,forecast
2021-11-22,6,51.51300000000002,forecast
2021-11-22,7,51.837750000000014,forecast
2021-11-22,8,33.60725,forecast
2021-11-22,9,5.342950000000001,forecast
2021-11-22,10,1.165325,forecast
2021-11-22,11,-0.17837499999999998,forecast
2021-11-22,12,-0.2274,forecast
2021-11-22,13,-0.03622500000000001,forecast
2021-11-22,14,-0.11657499999999998,forecast
2021-11-22,15,0.05817499999999999,forecast
2021-11-22,16,0.11532500000000004,forecast
2021-11-22,17,0.05725,forecast
2021-11-22,18,0.11662499999999999,forecast
2021-11-22,19,-0.15512499999999999,forecast
2021-11-22,20,0.039025,forecast
2021-11-22,21,0.092625,forecast
2021-11-22,22,0.06342499999999998,forecast
2021-11-22,23,0.7963249999999995,forecast
2021-11-23,0,1.93625,forecast
2021-11-23,1,4.870899999999999,forecast
2021-11-23,2,14.697574999999997,forecast
2021-11-23,3,15.962974999999993,forecast
2021-11-23,4,15.863049999999994,forecast
2021-11-23,5,15.43235,forecast
2021-11-23,6,15.987374999999997,forecast
2021-11-23,7,18.22174999999999,forecast
2021-11-23,8,19.009424999999997,forecast
2021-11-23,9,15.543599999999993,forecast
2021-11-23,10,8.608174999999996,forecast
2021-11-23,11,18.77294999999999,forecast
2021-11-23,12,17.762599999999992,forecast
2021-11-23,13,14.246025000000001,forecast
2021-11-23,14,13.809025000000004,forecast
2021-11-23,15,15.566574999999995,forecast
2021-11-23,16,18.410649999999997,forecast
2021-11-23,17,23.584474999999983,forecast
2021-11-23,18,25.959349999999993,forecast
2021-11-23,19,27.31185,forecast
2021-11-23,20,28.511950000000006,forecast
2021-11-23,21,29.103649999999995,forecast
2021-11-23,22,27.69212499999999,forecast
2021-11-23,23,26.601174999999998,forecast
2021-11-24,0,17.932049999999993,forecast
2021-11-24,1,15.821974999999995,forecast
2021-11-24,2,14.323974999999995,forecast
2021-11-24,3,16.0373,forecast
2021-11-24,4,17.20375,forecast
2021-11-24,5,18.857074999999995,forecast
2021-11-24,6,18.6434,forecast
2021-11-24,7,18.678949999999997,forecast
2021-11-24,8,19.845374999999994,forecast
2021-11-24,9,19.19557499999999,forecast
2021-11-24,10,25.295899999999996,forecast
2021-11-24,11,24.472975,forecast
2021-11-24,12,18.701049999999995,forecast
2021-11-24,13,11.782824999999997,forecast
2021-11-24,14,6.602900000000002,forecast
2021-11-24,15,5.602800000000001,forecast
2021-11-24,16,5.847674999999998,forecast
2021-11-24,17,6.6911000000000005,forecast
2021-11-24,18,12.388975000000002,forecast
2021-11-24,19,24.121174999999997,forecast
2021-11-24,20,23.538600000000006,forecast
2021-11-24,21,20.700550000000003,forecast
2021-11-24,22,16.178074999999993,forecast
2021-11-24,23,14.524399999999998,forecast
2021-11-25,0,11.036125000000002,forecast
2021-11-25,1,11.972725000000002,forecast
2021-11-25,2,10.751800000000003,forecast
2021-11-25,3,10.886350000000004,forecast
2021-11-25,4,12.147375000000004,forecast
2021-11-25,5,12.647975000000004,forecast
2021-11-25,6,11.899425000000003,forecast
2021-11-25,7,12.548075,forecast
2021-11-25,8,16.60025,forecast
2021-11-25,9,13.366324999999996,forecast
2021-11-25,10,23.977025000000015,forecast
2021-11-25,11,20.616549999999993,forecast
2021-11-25,12,18.892024999999993,forecast
2021-11-25,13,21.293825,forecast
2021-11-25,14,20.001099999999994,forecast
2021-11-25,15,22.1806,forecast
2021-11-25,16,24.994524999999996,forecast
2021-11-25,17,5.8519000000000005,forecast
2021-11-25,18,7.9704000000000015,forecast
2021-11-25,19,7.4703000000000035,forecast
2021-11-25,20,6.820524999999999,forecast
2021-11-25,21,8.390099999999997,forecast
2021-11-25,22,12.442575000000003,forecast
2021-11-25,23,16.905575,forecast
2021-11-26,0,19.252575,forecast
2021-11-26,1,9.490849999999998,forecast
2021-11-26,2,9.15935,forecast
2021-11-26,3,5.114925,forecast
2021-11-26,4,15.059425,forecast
2021-11-26,5,14.878250000000001,forecast
2021-11-26,6,15.438275000000008,forecast
2021-11-26,7,15.467375000000004,forecast
2021-11-26,8,14.310549999999996,forecast
2021-11-26,9,1.9335499999999985,forecast
2021-11-26,10,4.2132,forecast
2021-11-26,11,1.3090749999999998,forecast
2021-11-26,12,0.7742499999999997,forecast
2021-11-26,13,6.309849999999996,forecast
2021-11-26,14,5.111874999999997,forecast
2021-11-26,15,4.362049999999997,forecast
2021-11-26,16,7.399574999999998,forecast
2021-11-26,17,7.946774999999999,forecast
2021-11-26,18,3.628350000000001,forecast
2021-11-26,19,4.5885750000000005,forecast
2021-11-26,20,9.323824999999998,forecast
2021-11-26,21,10.963450000000002,forecast
2021-11-26,22,10.761500000000002,forecast
2021-11-26,23,11.766375,forecast
2021-11-27,0,12.522049999999997,forecast
2021-11-27,1,5.3894249999999975,forecast
2021-11-27,2,2.6641999999999992,forecast
2021-11-27,3,8.473124999999998,forecast
2021-11-27,4,7.955724999999998,forecast
2021-11-27,5,13.572649999999994,forecast
2021-11-27,6,25.30085,forecast
2021-11-27,7,25.232075000000005,forecast
2021-11-27,8,15.978124999999999,forecast
2021-11-27,9,7.6377749999999995,forecast
2021-11-27,10,6.140724999999999,forecast
2021-11-27,11,5.408924999999998,forecast
2021-11-27,12,5.7702000000000035,forecast
2021-11-27,13,7.708300000000001,forecast
2021-11-27,14,23.68765000000001,forecast
2021-11-27,15,3.6331499999999983,forecast
2021-11-27,16,4.149899999999999,forecast
2021-11-27,17,6.198925000000002,forecast
2021-11-27,18,14.899924999999998,forecast
2021-11-27,19,2.5077000000000003,forecast
2021-11-27,20,1.25815,forecast
2021-11-27,21,3.190175000000001,forecast
2021-11-27,22,3.0473999999999997,forecast
2021-11-27,23,7.563649999999998,forecast
2021-11-28,0,27.62155,forecast
2021-11-28,1,41.409225,forecast
2021-11-28,2,41.00999999999999,forecast
2021-11-28,3,41.831725,forecast
2021-11-28,4,28.541250000000005,forecast
2021-11-28,5,37.68902499999999,forecast
2021-11-28,6,38.04492499999999,forecast
2021-11-28,7,36.21912499999999,forecast
2021-11-28,8,9.901175,forecast
2021-11-28,9,1.6233999999999997,forecast
2021-11-28,10,1.977625,forecast
2021-11-28,11,1.95285,forecast
2021-11-28,12,1.8177999999999996,forecast
2021-11-28,13,1.9991250000000003,forecast
2021-11-28,14,2.6314499999999974,forecast
2021-11-28,15,2.255925,forecast
2021-11-28,16,2.5001499999999997,forecast
2021-11-28,17,2.515249999999999,forecast
2021-11-28,18,0.38674999999999976,forecast
2021-11-28,19,22.64147500000001,forecast
2021-11-28,20,0.653975,forecast
2021-11-28,21,5.060675000000001,forecast
2021-11-28,22,4.9264,forecast
2021-11-28,23,6.072724999999997,forecast
2021-11-29,0,18.189450000000004,forecast
2021-11-29,1,10.909225000000001,forecast
2021-11-29,2,2.6944750000000006,forecast
2021-11-29,3,6.6553,forecast
2021-11-29,4,2.473025000000001,forecast
2021-11-29,5,2.1764000000000006,forecast
2021-11-29,6,3.2319999999999998,forecast
2021-11-29,7,3.2605999999999993,forecast
2021-11-29,8,3.822175,forecast
2021-11-29,9,0.9591000000000004,forecast
2021-11-29,10,-0.24667499999999992,forecast
2021-11-29,11,-0.22655,forecast
2021-11-29,12,-0.08365000000000002,forecast
2021-11-29,13,-0.052925000000000014,forecast
2021-11-29,14,0.027474999999999992,forecast
2021-11-29,15,0.06927499999999999,forecast
2021-11-29,16,0.07314999999999999,forecast
2021-11-29,17,-0.054625000000000014,forecast
2021-11-29,18,0.5874250000000001,forecast
2021-11-29,19,10.52355,forecast
2021-11-29,20,18.759525000000007,forecast
2021-11-29,21,23.808950000000014,forecast
2021-11-29,22,35.55075000000002,forecast
2021-11-29,23,35.476275000000015,forecast
2021-11-30,0,32.77132500000002,forecast
2021-11-30,1,28.878300000000003,forecast
2021-11-30,2,28.8625,forecast
2021-11-30,3,22.232025000000018,forecast
2021-11-30,4,12.73275,forecast
2021-11-30,5,11.915025000000004,forecast
2021-11-30,6,11.813674999999998,forecast
2021-11-30,7,6.466474999999999,forecast
2021-11-30,8,1.6276,forecast
2021-11-30,9,0.1616,forecast
2021-11-30,10,-0.10887500000000001,forecast
2021-11-30,11,0.21792499999999998,forecast
2021-11-30,12,0.8658250000000003,forecast
2021-11-30,13,0.16677499999999995,forecast
2021-11-30,14,0.767325,forecast
2021-11-30,15,0.5877500000000001,forecast
2021-11-30,16,0.6572499999999999,forecast
2021-11-30,17,-0.08730000000000002,forecast
2021-11-30,18,-0.15300000000000008,forecast
2021-11-30,19,3.52905,forecast
2021-11-30,20,13.679025,forecast
2021-11-30,21,18.282999999999987,forecast
2021-11-30,22,18.730649999999994,forecast
2021-11-30,23,20.993249999999993,forecast
